"Geslacht";"Leeftijd";"Nationaliteit";"Perioden";"Eerste asielverzoeken (personen) (aantal)";"Nareizigers (personen) (aantal)"
"Totaal mannen en vrouwen ";"Totaal";"Totaal";"2022 april";"    2220";"     850"
"Totaal mannen en vrouwen ";"Totaal";"Totaal";"2022 mei";"    2530";"     915"
"Totaal mannen en vrouwen ";"Totaal";"Totaal";"2022 juni";"    2575";"    1400"
"Totaal mannen en vrouwen ";"Totaal";"Totaal";"2022 juli";"    2745";"    1615"
"Totaal mannen en vrouwen ";"Totaal";"Totaal";"2022 augustus";"    3840";"    1065"
"Totaal mannen en vrouwen ";"Totaal";"Totaal";"2022 september";"    4435";"     965"
"Totaal mannen en vrouwen ";"Totaal";"Totaal";"2022 oktober";"    4075";"     660"
"Totaal mannen en vrouwen ";"Totaal";"Totaal";"2022 november";"    4070";"     380"
"Totaal mannen en vrouwen ";"Totaal";"Totaal";"2022 december";"    2595";"     500"
"Totaal mannen en vrouwen ";"Totaal";"Totaal";"2023 januari*";"    2490";"     390"
"Totaal mannen en vrouwen ";"Totaal";"Totaal";"2023 februari*";"    2195";"     510"
"Totaal mannen en vrouwen ";"Totaal";"Totaal";"2023 maart*";"    2225";"     995"
"Totaal mannen en vrouwen ";"Totaal";"Totaal";"2023 april*";"    2355";"     810"
"Totaal mannen en vrouwen ";"Totaal";"Afghaans ";"2022 april";"     305";"       5"
"Totaal mannen en vrouwen ";"Totaal";"Afghaans ";"2022 mei";"     120";"      15"
"Totaal mannen en vrouwen ";"Totaal";"Afghaans ";"2022 juni";"     205";"       5"
"Totaal mannen en vrouwen ";"Totaal";"Afghaans ";"2022 juli";"     305";"      10"
"Totaal mannen en vrouwen ";"Totaal";"Afghaans ";"2022 augustus";"     530";"      20"
"Totaal mannen en vrouwen ";"Totaal";"Afghaans ";"2022 september";"     245";"      10"
"Totaal mannen en vrouwen ";"Totaal";"Afghaans ";"2022 oktober";"     120";"      20"
"Totaal mannen en vrouwen ";"Totaal";"Afghaans ";"2022 november";"     110";"      15"
"Totaal mannen en vrouwen ";"Totaal";"Afghaans ";"2022 december";"      70";"      20"
"Totaal mannen en vrouwen ";"Totaal";"Afghaans ";"2023 januari*";"      65";"      20"
"Totaal mannen en vrouwen ";"Totaal";"Afghaans ";"2023 februari*";"      85";"      10"
"Totaal mannen en vrouwen ";"Totaal";"Afghaans ";"2023 maart*";"      40";"      20"
"Totaal mannen en vrouwen ";"Totaal";"Afghaans ";"2023 april*";"      40";"      20"
"Totaal mannen en vrouwen ";"Totaal";"Algerijns ";"2022 april";"      45";"       0"
"Totaal mannen en vrouwen ";"Totaal";"Algerijns ";"2022 mei";"      90";"       0"
"Totaal mannen en vrouwen ";"Totaal";"Algerijns ";"2022 juni";"      75";"       0"
"Totaal mannen en vrouwen ";"Totaal";"Algerijns ";"2022 juli";"      50";"       0"
"Totaal mannen en vrouwen ";"Totaal";"Algerijns ";"2022 augustus";"      70";"       0"
"Totaal mannen en vrouwen ";"Totaal";"Algerijns ";"2022 september";"      80";"       0"
"Totaal mannen en vrouwen ";"Totaal";"Algerijns ";"2022 oktober";"     130";"       0"
"Totaal mannen en vrouwen ";"Totaal";"Algerijns ";"2022 november";"     195";"       5"
"Totaal mannen en vrouwen ";"Totaal";"Algerijns ";"2022 december";"     155";"       0"
"Totaal mannen en vrouwen ";"Totaal";"Algerijns ";"2023 januari*";"     155";"       0"
"Totaal mannen en vrouwen ";"Totaal";"Algerijns ";"2023 februari*";"     140";"       0"
"Totaal mannen en vrouwen ";"Totaal";"Algerijns ";"2023 maart*";"     140";"       0"
"Totaal mannen en vrouwen ";"Totaal";"Algerijns ";"2023 april*";"      90";"       0"
"Totaal mannen en vrouwen ";"Totaal";"Chinees ";"2022 april";"      10";"       0"
"Totaal mannen en vrouwen ";"Totaal";"Chinees ";"2022 mei";"      15";"       0"
"Totaal mannen en vrouwen ";"Totaal";"Chinees ";"2022 juni";"      15";"       5"
"Totaal mannen en vrouwen ";"Totaal";"Chinees ";"2022 juli";"      15";"      10"
"Totaal mannen en vrouwen ";"Totaal";"Chinees ";"2022 augustus";"      15";"       5"
"Totaal mannen en vrouwen ";"Totaal";"Chinees ";"2022 september";"      20";"      15"
"Totaal mannen en vrouwen ";"Totaal";"Chinees ";"2022 oktober";"      15";"       0"
"Totaal mannen en vrouwen ";"Totaal";"Chinees ";"2022 november";"      15";"       0"
"Totaal mannen en vrouwen ";"Totaal";"Chinees ";"2022 december";"      20";"       5"
"Totaal mannen en vrouwen ";"Totaal";"Chinees ";"2023 januari*";"      25";"      10"
"Totaal mannen en vrouwen ";"Totaal";"Chinees ";"2023 februari*";"      20";"       0"
"Totaal mannen en vrouwen ";"Totaal";"Chinees ";"2023 maart*";"      15";"       5"
"Totaal mannen en vrouwen ";"Totaal";"Chinees ";"2023 april*";"      20";"       5"
"Totaal mannen en vrouwen ";"Totaal";"Egyptisch ";"2022 april";"      10";"       5"
"Totaal mannen en vrouwen ";"Totaal";"Egyptisch ";"2022 mei";"      15";"       5"
"Totaal mannen en vrouwen ";"Totaal";"Egyptisch ";"2022 juni";"      20";"       0"
"Totaal mannen en vrouwen ";"Totaal";"Egyptisch ";"2022 juli";"      20";"      10"
"Totaal mannen en vrouwen ";"Totaal";"Egyptisch ";"2022 augustus";"      35";"       5"
"Totaal mannen en vrouwen ";"Totaal";"Egyptisch ";"2022 september";"      25";"       5"
"Totaal mannen en vrouwen ";"Totaal";"Egyptisch ";"2022 oktober";"      20";"       0"
"Totaal mannen en vrouwen ";"Totaal";"Egyptisch ";"2022 november";"      35";"       5"
"Totaal mannen en vrouwen ";"Totaal";"Egyptisch ";"2022 december";"      25";"       0"
"Totaal mannen en vrouwen ";"Totaal";"Egyptisch ";"2023 januari*";"      20";"       0"
"Totaal mannen en vrouwen ";"Totaal";"Egyptisch ";"2023 februari*";"      15";"       5"
"Totaal mannen en vrouwen ";"Totaal";"Egyptisch ";"2023 maart*";"      25";"      15"
"Totaal mannen en vrouwen ";"Totaal";"Egyptisch ";"2023 april*";"      15";"       0"
"Totaal mannen en vrouwen ";"Totaal";"Eritrees ";"2022 april";"      85";"      45"
"Totaal mannen en vrouwen ";"Totaal";"Eritrees ";"2022 mei";"      80";"      40"
"Totaal mannen en vrouwen ";"Totaal";"Eritrees ";"2022 juni";"      85";"      65"
"Totaal mannen en vrouwen ";"Totaal";"Eritrees ";"2022 juli";"     130";"      50"
"Totaal mannen en vrouwen ";"Totaal";"Eritrees ";"2022 augustus";"     165";"      40"
"Totaal mannen en vrouwen ";"Totaal";"Eritrees ";"2022 september";"     165";"      65"
"Totaal mannen en vrouwen ";"Totaal";"Eritrees ";"2022 oktober";"     150";"      60"
"Totaal mannen en vrouwen ";"Totaal";"Eritrees ";"2022 november";"     150";"      25"
"Totaal mannen en vrouwen ";"Totaal";"Eritrees ";"2022 december";"      95";"      35"
"Totaal mannen en vrouwen ";"Totaal";"Eritrees ";"2023 januari*";"      90";"      45"
"Totaal mannen en vrouwen ";"Totaal";"Eritrees ";"2023 februari*";"     140";"      30"
"Totaal mannen en vrouwen ";"Totaal";"Eritrees ";"2023 maart*";"     155";"      20"
"Totaal mannen en vrouwen ";"Totaal";"Eritrees ";"2023 april*";"     105";"      30"
"Totaal mannen en vrouwen ";"Totaal";"Ethiopisch ";"2022 april";"      15";"       0"
"Totaal mannen en vrouwen ";"Totaal";"Ethiopisch ";"2022 mei";"      40";"      10"
"Totaal mannen en vrouwen ";"Totaal";"Ethiopisch ";"2022 juni";"      20";"       0"
"Totaal mannen en vrouwen ";"Totaal";"Ethiopisch ";"2022 juli";"      25";"       0"
"Totaal mannen en vrouwen ";"Totaal";"Ethiopisch ";"2022 augustus";"      30";"       0"
"Totaal mannen en vrouwen ";"Totaal";"Ethiopisch ";"2022 september";"      20";"       0"
"Totaal mannen en vrouwen ";"Totaal";"Ethiopisch ";"2022 oktober";"      35";"       5"
"Totaal mannen en vrouwen ";"Totaal";"Ethiopisch ";"2022 november";"      30";"       5"
"Totaal mannen en vrouwen ";"Totaal";"Ethiopisch ";"2022 december";"      25";"       5"
"Totaal mannen en vrouwen ";"Totaal";"Ethiopisch ";"2023 januari*";"      20";"       0"
"Totaal mannen en vrouwen ";"Totaal";"Ethiopisch ";"2023 februari*";"      20";"       0"
"Totaal mannen en vrouwen ";"Totaal";"Ethiopisch ";"2023 maart*";"      20";"       0"
"Totaal mannen en vrouwen ";"Totaal";"Ethiopisch ";"2023 april*";"      20";"       0"
"Totaal mannen en vrouwen ";"Totaal";"Gambiaans ";"2022 april";"       5";"       0"
"Totaal mannen en vrouwen ";"Totaal";"Gambiaans ";"2022 mei";"      15";"       0"
"Totaal mannen en vrouwen ";"Totaal";"Gambiaans ";"2022 juni";"       5";"       0"
"Totaal mannen en vrouwen ";"Totaal";"Gambiaans ";"2022 juli";"       5";"       0"
"Totaal mannen en vrouwen ";"Totaal";"Gambiaans ";"2022 augustus";"      10";"       0"
"Totaal mannen en vrouwen ";"Totaal";"Gambiaans ";"2022 september";"      10";"       0"
"Totaal mannen en vrouwen ";"Totaal";"Gambiaans ";"2022 oktober";"      10";"       0"
"Totaal mannen en vrouwen ";"Totaal";"Gambiaans ";"2022 november";"      10";"       0"
"Totaal mannen en vrouwen ";"Totaal";"Gambiaans ";"2022 december";"      10";"       0"
"Totaal mannen en vrouwen ";"Totaal";"Gambiaans ";"2023 januari*";"      15";"       0"
"Totaal mannen en vrouwen ";"Totaal";"Gambiaans ";"2023 februari*";"      10";"       0"
"Totaal mannen en vrouwen ";"Totaal";"Gambiaans ";"2023 maart*";"      10";"       0"
"Totaal mannen en vrouwen ";"Totaal";"Gambiaans ";"2023 april*";"       5";"       0"
"Totaal mannen en vrouwen ";"Totaal";"Indiaas ";"2022 april";"       0";"       0"
"Totaal mannen en vrouwen ";"Totaal";"Indiaas ";"2022 mei";"      15";"       0"
"Totaal mannen en vrouwen ";"Totaal";"Indiaas ";"2022 juni";"      15";"       0"
"Totaal mannen en vrouwen ";"Totaal";"Indiaas ";"2022 juli";"       5";"       0"
"Totaal mannen en vrouwen ";"Totaal";"Indiaas ";"2022 augustus";"       0";"       0"
"Totaal mannen en vrouwen ";"Totaal";"Indiaas ";"2022 september";"       5";"       0"
"Totaal mannen en vrouwen ";"Totaal";"Indiaas ";"2022 oktober";"      10";"       0"
"Totaal mannen en vrouwen ";"Totaal";"Indiaas ";"2022 november";"       5";"       0"
"Totaal mannen en vrouwen ";"Totaal";"Indiaas ";"2022 december";"       5";"       0"
"Totaal mannen en vrouwen ";"Totaal";"Indiaas ";"2023 januari*";"      25";"       0"
"Totaal mannen en vrouwen ";"Totaal";"Indiaas ";"2023 februari*";"      15";"       0"
"Totaal mannen en vrouwen ";"Totaal";"Indiaas ";"2023 maart*";"      15";"       0"
"Totaal mannen en vrouwen ";"Totaal";"Indiaas ";"2023 april*";"      15";"       0"
"Totaal mannen en vrouwen ";"Totaal";"Iraaks ";"2022 april";"      60";"      10"
"Totaal mannen en vrouwen ";"Totaal";"Iraaks ";"2022 mei";"      25";"       0"
"Totaal mannen en vrouwen ";"Totaal";"Iraaks ";"2022 juni";"      30";"      15"
"Totaal mannen en vrouwen ";"Totaal";"Iraaks ";"2022 juli";"      45";"      10"
"Totaal mannen en vrouwen ";"Totaal";"Iraaks ";"2022 augustus";"      55";"      10"
"Totaal mannen en vrouwen ";"Totaal";"Iraaks ";"2022 september";"      65";"      10"
"Totaal mannen en vrouwen ";"Totaal";"Iraaks ";"2022 oktober";"      85";"      10"
"Totaal mannen en vrouwen ";"Totaal";"Iraaks ";"2022 november";"      60";"       0"
"Totaal mannen en vrouwen ";"Totaal";"Iraaks ";"2022 december";"     115";"      20"
"Totaal mannen en vrouwen ";"Totaal";"Iraaks ";"2023 januari*";"      65";"      10"
"Totaal mannen en vrouwen ";"Totaal";"Iraaks ";"2023 februari*";"      65";"      30"
"Totaal mannen en vrouwen ";"Totaal";"Iraaks ";"2023 maart*";"      55";"      40"
"Totaal mannen en vrouwen ";"Totaal";"Iraaks ";"2023 april*";"     195";"      20"
"Totaal mannen en vrouwen ";"Totaal";"Iraans ";"2022 april";"      25";"      20"
"Totaal mannen en vrouwen ";"Totaal";"Iraans ";"2022 mei";"      35";"      25"
"Totaal mannen en vrouwen ";"Totaal";"Iraans ";"2022 juni";"      35";"      20"
"Totaal mannen en vrouwen ";"Totaal";"Iraans ";"2022 juli";"      35";"      20"
"Totaal mannen en vrouwen ";"Totaal";"Iraans ";"2022 augustus";"      65";"      25"
"Totaal mannen en vrouwen ";"Totaal";"Iraans ";"2022 september";"     105";"      20"
"Totaal mannen en vrouwen ";"Totaal";"Iraans ";"2022 oktober";"      95";"      20"
"Totaal mannen en vrouwen ";"Totaal";"Iraans ";"2022 november";"     125";"       5"
"Totaal mannen en vrouwen ";"Totaal";"Iraans ";"2022 december";"      90";"      10"
"Totaal mannen en vrouwen ";"Totaal";"Iraans ";"2023 januari*";"     140";"       5"
"Totaal mannen en vrouwen ";"Totaal";"Iraans ";"2023 februari*";"     100";"       5"
"Totaal mannen en vrouwen ";"Totaal";"Iraans ";"2023 maart*";"     115";"       5"
"Totaal mannen en vrouwen ";"Totaal";"Iraans ";"2023 april*";"     105";"       5"
"Totaal mannen en vrouwen ";"Totaal";"Jemenitisch ";"2022 april";"     185";"      15"
"Totaal mannen en vrouwen ";"Totaal";"Jemenitisch ";"2022 mei";"     170";"      40"
"Totaal mannen en vrouwen ";"Totaal";"Jemenitisch ";"2022 juni";"     195";"      70"
"Totaal mannen en vrouwen ";"Totaal";"Jemenitisch ";"2022 juli";"     185";"      75"
"Totaal mannen en vrouwen ";"Totaal";"Jemenitisch ";"2022 augustus";"     210";"      15"
"Totaal mannen en vrouwen ";"Totaal";"Jemenitisch ";"2022 september";"     285";"      15"
"Totaal mannen en vrouwen ";"Totaal";"Jemenitisch ";"2022 oktober";"     285";"      15"
"Totaal mannen en vrouwen ";"Totaal";"Jemenitisch ";"2022 november";"     265";"      15"
"Totaal mannen en vrouwen ";"Totaal";"Jemenitisch ";"2022 december";"     125";"      15"
"Totaal mannen en vrouwen ";"Totaal";"Jemenitisch ";"2023 januari*";"     155";"      10"
"Totaal mannen en vrouwen ";"Totaal";"Jemenitisch ";"2023 februari*";"     150";"      20"
"Totaal mannen en vrouwen ";"Totaal";"Jemenitisch ";"2023 maart*";"     190";"      50"
"Totaal mannen en vrouwen ";"Totaal";"Jemenitisch ";"2023 april*";"     220";"      20"
"Totaal mannen en vrouwen ";"Totaal";"Marokkaans ";"2022 april";"      55";"       0"
"Totaal mannen en vrouwen ";"Totaal";"Marokkaans ";"2022 mei";"      75";"       0"
"Totaal mannen en vrouwen ";"Totaal";"Marokkaans ";"2022 juni";"      45";"       0"
"Totaal mannen en vrouwen ";"Totaal";"Marokkaans ";"2022 juli";"      30";"       0"
"Totaal mannen en vrouwen ";"Totaal";"Marokkaans ";"2022 augustus";"      45";"       0"
"Totaal mannen en vrouwen ";"Totaal";"Marokkaans ";"2022 september";"      70";"       0"
"Totaal mannen en vrouwen ";"Totaal";"Marokkaans ";"2022 oktober";"      65";"       0"
"Totaal mannen en vrouwen ";"Totaal";"Marokkaans ";"2022 november";"      80";"       0"
"Totaal mannen en vrouwen ";"Totaal";"Marokkaans ";"2022 december";"      65";"       5"
"Totaal mannen en vrouwen ";"Totaal";"Marokkaans ";"2023 januari*";"      95";"       0"
"Totaal mannen en vrouwen ";"Totaal";"Marokkaans ";"2023 februari*";"      85";"       0"
"Totaal mannen en vrouwen ";"Totaal";"Marokkaans ";"2023 maart*";"      65";"       0"
"Totaal mannen en vrouwen ";"Totaal";"Marokkaans ";"2023 april*";"      50";"       0"
"Totaal mannen en vrouwen ";"Totaal";"Nigeriaans ";"2022 april";"      50";"       0"
"Totaal mannen en vrouwen ";"Totaal";"Nigeriaans ";"2022 mei";"      60";"       0"
"Totaal mannen en vrouwen ";"Totaal";"Nigeriaans ";"2022 juni";"      30";"       0"
"Totaal mannen en vrouwen ";"Totaal";"Nigeriaans ";"2022 juli";"      25";"       0"
"Totaal mannen en vrouwen ";"Totaal";"Nigeriaans ";"2022 augustus";"      55";"       0"
"Totaal mannen en vrouwen ";"Totaal";"Nigeriaans ";"2022 september";"      45";"       0"
"Totaal mannen en vrouwen ";"Totaal";"Nigeriaans ";"2022 oktober";"      40";"       0"
"Totaal mannen en vrouwen ";"Totaal";"Nigeriaans ";"2022 november";"      45";"       0"
"Totaal mannen en vrouwen ";"Totaal";"Nigeriaans ";"2022 december";"      40";"       5"
"Totaal mannen en vrouwen ";"Totaal";"Nigeriaans ";"2023 januari*";"      40";"       0"
"Totaal mannen en vrouwen ";"Totaal";"Nigeriaans ";"2023 februari*";"      50";"      10"
"Totaal mannen en vrouwen ";"Totaal";"Nigeriaans ";"2023 maart*";"      40";"       0"
"Totaal mannen en vrouwen ";"Totaal";"Nigeriaans ";"2023 april*";"      55";"       5"
"Totaal mannen en vrouwen ";"Totaal";"Oekraïens ";"2022 april";"       5";"       0"
"Totaal mannen en vrouwen ";"Totaal";"Oekraïens ";"2022 mei";"     205";"       0"
"Totaal mannen en vrouwen ";"Totaal";"Oekraïens ";"2022 juni";"     110";"       0"
"Totaal mannen en vrouwen ";"Totaal";"Oekraïens ";"2022 juli";"     100";"       0"
"Totaal mannen en vrouwen ";"Totaal";"Oekraïens ";"2022 augustus";"     120";"       0"
"Totaal mannen en vrouwen ";"Totaal";"Oekraïens ";"2022 september";"     120";"       0"
"Totaal mannen en vrouwen ";"Totaal";"Oekraïens ";"2022 oktober";"     150";"       0"
"Totaal mannen en vrouwen ";"Totaal";"Oekraïens ";"2022 november";"     145";"       0"
"Totaal mannen en vrouwen ";"Totaal";"Oekraïens ";"2022 december";"      50";"       0"
"Totaal mannen en vrouwen ";"Totaal";"Oekraïens ";"2023 januari*";"      45";"       0"
"Totaal mannen en vrouwen ";"Totaal";"Oekraïens ";"2023 februari*";"      25";"       0"
"Totaal mannen en vrouwen ";"Totaal";"Oekraïens ";"2023 maart*";"      35";"       0"
"Totaal mannen en vrouwen ";"Totaal";"Oekraïens ";"2023 april*";"      35";"       0"
"Totaal mannen en vrouwen ";"Totaal";"Pakistaans ";"2022 april";"      50";"      10"
"Totaal mannen en vrouwen ";"Totaal";"Pakistaans ";"2022 mei";"      50";"       5"
"Totaal mannen en vrouwen ";"Totaal";"Pakistaans ";"2022 juni";"      30";"      20"
"Totaal mannen en vrouwen ";"Totaal";"Pakistaans ";"2022 juli";"      30";"       5"
"Totaal mannen en vrouwen ";"Totaal";"Pakistaans ";"2022 augustus";"      70";"       5"
"Totaal mannen en vrouwen ";"Totaal";"Pakistaans ";"2022 september";"     105";"      20"
"Totaal mannen en vrouwen ";"Totaal";"Pakistaans ";"2022 oktober";"      65";"      20"
"Totaal mannen en vrouwen ";"Totaal";"Pakistaans ";"2022 november";"      50";"       5"
"Totaal mannen en vrouwen ";"Totaal";"Pakistaans ";"2022 december";"      55";"      15"
"Totaal mannen en vrouwen ";"Totaal";"Pakistaans ";"2023 januari*";"      65";"       5"
"Totaal mannen en vrouwen ";"Totaal";"Pakistaans ";"2023 februari*";"      45";"       5"
"Totaal mannen en vrouwen ";"Totaal";"Pakistaans ";"2023 maart*";"      50";"       5"
"Totaal mannen en vrouwen ";"Totaal";"Pakistaans ";"2023 april*";"      40";"       0"
"Totaal mannen en vrouwen ";"Totaal";"Russisch ";"2022 april";"      70";"       0"
"Totaal mannen en vrouwen ";"Totaal";"Russisch ";"2022 mei";"      55";"       0"
"Totaal mannen en vrouwen ";"Totaal";"Russisch ";"2022 juni";"      45";"       0"
"Totaal mannen en vrouwen ";"Totaal";"Russisch ";"2022 juli";"      20";"       0"
"Totaal mannen en vrouwen ";"Totaal";"Russisch ";"2022 augustus";"      20";"       5"
"Totaal mannen en vrouwen ";"Totaal";"Russisch ";"2022 september";"      40";"       0"
"Totaal mannen en vrouwen ";"Totaal";"Russisch ";"2022 oktober";"      90";"       0"
"Totaal mannen en vrouwen ";"Totaal";"Russisch ";"2022 november";"      85";"       5"
"Totaal mannen en vrouwen ";"Totaal";"Russisch ";"2022 december";"      50";"       0"
"Totaal mannen en vrouwen ";"Totaal";"Russisch ";"2023 januari*";"      30";"       5"
"Totaal mannen en vrouwen ";"Totaal";"Russisch ";"2023 februari*";"      30";"       0"
"Totaal mannen en vrouwen ";"Totaal";"Russisch ";"2023 maart*";"      30";"       0"
"Totaal mannen en vrouwen ";"Totaal";"Russisch ";"2023 april*";"      30";"       0"
"Totaal mannen en vrouwen ";"Totaal";"Soedanees ";"2022 april";"      20";"       5"
"Totaal mannen en vrouwen ";"Totaal";"Soedanees ";"2022 mei";"      10";"       5"
"Totaal mannen en vrouwen ";"Totaal";"Soedanees ";"2022 juni";"      10";"       0"
"Totaal mannen en vrouwen ";"Totaal";"Soedanees ";"2022 juli";"      10";"       0"
"Totaal mannen en vrouwen ";"Totaal";"Soedanees ";"2022 augustus";"      20";"       0"
"Totaal mannen en vrouwen ";"Totaal";"Soedanees ";"2022 september";"      15";"       5"
"Totaal mannen en vrouwen ";"Totaal";"Soedanees ";"2022 oktober";"      15";"       0"
"Totaal mannen en vrouwen ";"Totaal";"Soedanees ";"2022 november";"      30";"       5"
"Totaal mannen en vrouwen ";"Totaal";"Soedanees ";"2022 december";"      25";"       0"
"Totaal mannen en vrouwen ";"Totaal";"Soedanees ";"2023 januari*";"      30";"       0"
"Totaal mannen en vrouwen ";"Totaal";"Soedanees ";"2023 februari*";"      20";"       0"
"Totaal mannen en vrouwen ";"Totaal";"Soedanees ";"2023 maart*";"      10";"       0"
"Totaal mannen en vrouwen ";"Totaal";"Soedanees ";"2023 april*";"      10";"       0"
"Totaal mannen en vrouwen ";"Totaal";"Somalisch ";"2022 april";"      80";"       0"
"Totaal mannen en vrouwen ";"Totaal";"Somalisch ";"2022 mei";"     150";"       5"
"Totaal mannen en vrouwen ";"Totaal";"Somalisch ";"2022 juni";"      70";"      20"
"Totaal mannen en vrouwen ";"Totaal";"Somalisch ";"2022 juli";"      95";"      15"
"Totaal mannen en vrouwen ";"Totaal";"Somalisch ";"2022 augustus";"     120";"       0"
"Totaal mannen en vrouwen ";"Totaal";"Somalisch ";"2022 september";"     115";"      10"
"Totaal mannen en vrouwen ";"Totaal";"Somalisch ";"2022 oktober";"     135";"      10"
"Totaal mannen en vrouwen ";"Totaal";"Somalisch ";"2022 november";"     180";"      10"
"Totaal mannen en vrouwen ";"Totaal";"Somalisch ";"2022 december";"     175";"      20"
"Totaal mannen en vrouwen ";"Totaal";"Somalisch ";"2023 januari*";"     160";"      10"
"Totaal mannen en vrouwen ";"Totaal";"Somalisch ";"2023 februari*";"     155";"       0"
"Totaal mannen en vrouwen ";"Totaal";"Somalisch ";"2023 maart*";"     165";"      15"
"Totaal mannen en vrouwen ";"Totaal";"Somalisch ";"2023 april*";"     140";"       0"
"Totaal mannen en vrouwen ";"Totaal";"Syrisch ";"2022 april";"     570";"     610"
"Totaal mannen en vrouwen ";"Totaal";"Syrisch ";"2022 mei";"     760";"     640"
"Totaal mannen en vrouwen ";"Totaal";"Syrisch ";"2022 juni";"     915";"     995"
"Totaal mannen en vrouwen ";"Totaal";"Syrisch ";"2022 juli";"    1040";"    1060"
"Totaal mannen en vrouwen ";"Totaal";"Syrisch ";"2022 augustus";"    1510";"     770"
"Totaal mannen en vrouwen ";"Totaal";"Syrisch ";"2022 september";"    2045";"     650"
"Totaal mannen en vrouwen ";"Totaal";"Syrisch ";"2022 oktober";"    1740";"     345"
"Totaal mannen en vrouwen ";"Totaal";"Syrisch ";"2022 november";"    1650";"     200"
"Totaal mannen en vrouwen ";"Totaal";"Syrisch ";"2022 december";"     795";"     215"
"Totaal mannen en vrouwen ";"Totaal";"Syrisch ";"2023 januari*";"     640";"     175"
"Totaal mannen en vrouwen ";"Totaal";"Syrisch ";"2023 februari*";"     455";"     280"
"Totaal mannen en vrouwen ";"Totaal";"Syrisch ";"2023 maart*";"     465";"     630"
"Totaal mannen en vrouwen ";"Totaal";"Syrisch ";"2023 april*";"     585";"     575"
"Totaal mannen en vrouwen ";"Totaal";"Tunesisch ";"2022 april";"      10";"       0"
"Totaal mannen en vrouwen ";"Totaal";"Tunesisch ";"2022 mei";"      15";"       0"
"Totaal mannen en vrouwen ";"Totaal";"Tunesisch ";"2022 juni";"      20";"       0"
"Totaal mannen en vrouwen ";"Totaal";"Tunesisch ";"2022 juli";"      20";"       0"
"Totaal mannen en vrouwen ";"Totaal";"Tunesisch ";"2022 augustus";"      20";"       0"
"Totaal mannen en vrouwen ";"Totaal";"Tunesisch ";"2022 september";"      20";"       0"
"Totaal mannen en vrouwen ";"Totaal";"Tunesisch ";"2022 oktober";"      45";"       0"
"Totaal mannen en vrouwen ";"Totaal";"Tunesisch ";"2022 november";"      30";"       0"
"Totaal mannen en vrouwen ";"Totaal";"Tunesisch ";"2022 december";"      40";"       0"
"Totaal mannen en vrouwen ";"Totaal";"Tunesisch ";"2023 januari*";"      40";"       0"
"Totaal mannen en vrouwen ";"Totaal";"Tunesisch ";"2023 februari*";"      25";"       0"
"Totaal mannen en vrouwen ";"Totaal";"Tunesisch ";"2023 maart*";"      40";"       0"
"Totaal mannen en vrouwen ";"Totaal";"Tunesisch ";"2023 april*";"      25";"       0"
"Totaal mannen en vrouwen ";"Totaal";"Turks ";"2022 april";"     205";"      45"
"Totaal mannen en vrouwen ";"Totaal";"Turks ";"2022 mei";"     195";"      75"
"Totaal mannen en vrouwen ";"Totaal";"Turks ";"2022 juni";"     295";"     135"
"Totaal mannen en vrouwen ";"Totaal";"Turks ";"2022 juli";"     250";"     290"
"Totaal mannen en vrouwen ";"Totaal";"Turks ";"2022 augustus";"     295";"     115"
"Totaal mannen en vrouwen ";"Totaal";"Turks ";"2022 september";"     385";"      80"
"Totaal mannen en vrouwen ";"Totaal";"Turks ";"2022 oktober";"     300";"      85"
"Totaal mannen en vrouwen ";"Totaal";"Turks ";"2022 november";"     220";"      50"
"Totaal mannen en vrouwen ";"Totaal";"Turks ";"2022 december";"     175";"      80"
"Totaal mannen en vrouwen ";"Totaal";"Turks ";"2023 januari*";"     165";"      60"
"Totaal mannen en vrouwen ";"Totaal";"Turks ";"2023 februari*";"     155";"      75"
"Totaal mannen en vrouwen ";"Totaal";"Turks ";"2023 maart*";"     160";"     125"
"Totaal mannen en vrouwen ";"Totaal";"Turks ";"2023 april*";"     150";"     105"
"Totaal mannen en vrouwen ";"Totaal";"Wit-Russisch ";"2022 april";"      20";"       0"
"Totaal mannen en vrouwen ";"Totaal";"Wit-Russisch ";"2022 mei";"      10";"       0"
"Totaal mannen en vrouwen ";"Totaal";"Wit-Russisch ";"2022 juni";"       5";"       0"
"Totaal mannen en vrouwen ";"Totaal";"Wit-Russisch ";"2022 juli";"       0";"       0"
"Totaal mannen en vrouwen ";"Totaal";"Wit-Russisch ";"2022 augustus";"      10";"       0"
"Totaal mannen en vrouwen ";"Totaal";"Wit-Russisch ";"2022 september";"      10";"       0"
"Totaal mannen en vrouwen ";"Totaal";"Wit-Russisch ";"2022 oktober";"       5";"       0"
"Totaal mannen en vrouwen ";"Totaal";"Wit-Russisch ";"2022 november";"       5";"       0"
"Totaal mannen en vrouwen ";"Totaal";"Wit-Russisch ";"2022 december";"       5";"       0"
"Totaal mannen en vrouwen ";"Totaal";"Wit-Russisch ";"2023 januari*";"      15";"       0"
"Totaal mannen en vrouwen ";"Totaal";"Wit-Russisch ";"2023 februari*";"       0";"       0"
"Totaal mannen en vrouwen ";"Totaal";"Wit-Russisch ";"2023 maart*";"       5";"       0"
"Totaal mannen en vrouwen ";"Totaal";"Wit-Russisch ";"2023 april*";"       5";"       0"
"Totaal mannen en vrouwen ";"Totaal";"Onbekend";"2022 april";"      60";"      10"
"Totaal mannen en vrouwen ";"Totaal";"Onbekend";"2022 mei";"      90";"      10"
"Totaal mannen en vrouwen ";"Totaal";"Onbekend";"2022 juni";"      70";"      10"
"Totaal mannen en vrouwen ";"Totaal";"Onbekend";"2022 juli";"      80";"      15"
"Totaal mannen en vrouwen ";"Totaal";"Onbekend";"2022 augustus";"     110";"       5"
"Totaal mannen en vrouwen ";"Totaal";"Onbekend";"2022 september";"     155";"      10"
"Totaal mannen en vrouwen ";"Totaal";"Onbekend";"2022 oktober";"     125";"       5"
"Totaal mannen en vrouwen ";"Totaal";"Onbekend";"2022 november";"     115";"      10"
"Totaal mannen en vrouwen ";"Totaal";"Onbekend";"2022 december";"     100";"      10"
"Totaal mannen en vrouwen ";"Totaal";"Onbekend";"2023 januari*";"     115";"       5"
"Totaal mannen en vrouwen ";"Totaal";"Onbekend";"2023 februari*";"      80";"       5"
"Totaal mannen en vrouwen ";"Totaal";"Onbekend";"2023 maart*";"      80";"      15"
"Totaal mannen en vrouwen ";"Totaal";"Onbekend";"2023 april*";"      80";"       5"
"Totaal mannen en vrouwen ";"Totaal";"Staatloos";"2022 april";"       0";"      45"
"Totaal mannen en vrouwen ";"Totaal";"Staatloos";"2022 mei";"       0";"      25"
"Totaal mannen en vrouwen ";"Totaal";"Staatloos";"2022 juni";"       0";"      25"
"Totaal mannen en vrouwen ";"Totaal";"Staatloos";"2022 juli";"       5";"      20"
"Totaal mannen en vrouwen ";"Totaal";"Staatloos";"2022 augustus";"      15";"      20"
"Totaal mannen en vrouwen ";"Totaal";"Staatloos";"2022 september";"       5";"      25"
"Totaal mannen en vrouwen ";"Totaal";"Staatloos";"2022 oktober";"       5";"      40"
"Totaal mannen en vrouwen ";"Totaal";"Staatloos";"2022 november";"       0";"      10"
"Totaal mannen en vrouwen ";"Totaal";"Staatloos";"2022 december";"       5";"      25"
"Totaal mannen en vrouwen ";"Totaal";"Staatloos";"2023 januari*";"       5";"      10"
"Totaal mannen en vrouwen ";"Totaal";"Staatloos";"2023 februari*";"       0";"      15"
"Totaal mannen en vrouwen ";"Totaal";"Staatloos";"2023 maart*";"      10";"      30"
"Totaal mannen en vrouwen ";"Totaal";"Staatloos";"2023 april*";"       5";"      10"
